{
    "assets": [
        {
            "name": "Arial20.fnt"
        },
        {
            "name": "Arial20.png"
        },
        {
            "name": "Arial20@2x.fnt"
        },
        {
            "name": "Arial20@2x.png"
        },
        {
            "name": "color.frag"
        },
        {
            "name": "color.vert"
        },
        {
            "name": "fxaa.frag"
        },
        {
            "name": "fxaa.vert"
        },
        {
            "name": "hybrid.frag"
        },
        {
            "name": "hybrid.vert"
        },
        {
            "name": "pixelArt.frag"
        },
        {
            "name": "pixelArt.vert"
        },
        {
            "name": "RobotoBold10.fnt"
        },
        {
            "name": "RobotoBold10.png"
        },
        {
            "name": "RobotoBold10@2x.fnt"
        },
        {
            "name": "RobotoBold10@2x.png"
        },
        {
            "name": "RobotoBold20.fnt"
        },
        {
            "name": "RobotoBold20.png"
        },
        {
            "name": "RobotoBold20@2x.fnt"
        },
        {
            "name": "RobotoBold20@2x.png"
        },
        {
            "name": "RobotoMedium10.fnt"
        },
        {
            "name": "RobotoMedium10.png"
        },
        {
            "name": "RobotoMedium10@2x.fnt"
        },
        {
            "name": "RobotoMedium10@2x.png"
        },
        {
            "name": "RobotoMedium20.fnt"
        },
        {
            "name": "RobotoMedium20.png"
        },
        {
            "name": "RobotoMedium20@2x.fnt"
        },
        {
            "name": "RobotoMedium20@2x.png"
        },
        {
            "name": "RobotoRegular10.fnt"
        },
        {
            "name": "RobotoRegular10.png"
        },
        {
            "name": "RobotoRegular10@2x.fnt"
        },
        {
            "name": "RobotoRegular10@2x.png"
        },
        {
            "name": "RobotoRegular20.fnt"
        },
        {
            "name": "RobotoRegular20.png"
        },
        {
            "name": "RobotoRegular20@2x.fnt"
        },
        {
            "name": "RobotoRegular20@2x.png"
        },
        {
            "name": "textured.frag"
        },
        {
            "name": "textured.vert"
        },
        {
            "name": "tintBlack.frag"
        },
        {
            "name": "tintBlack.vert"
        },
        {
            "name": "white.png"
        }
    ]
}